tenure,monthly_salary,overtime_hours,performance,promotions,commute_minutes,attrition
13.0,6819,29.7,2.0,2,91.0,1
17.9,8848,23.6,1.1,1,34.1,1
1.0,12515,28.6,3.8,6,34.2,1
16.3,6212,30.4,1.6,6,47.4,1
19.2,17029,4.1,2.5,5,103.2,0
16.2,29911,18.4,1.5,6,18.7,0
12.8,34236,14.5,1.8,1,15.0,0
6.1,8614,34.2,4.5,6,40.6,1
7.6,18130,14.2,3.7,10,81.3,0
3.8,29892,9.8,2.8,4,118.8,0
11.4,28433,13.0,4.1,0,35.2,1
6.7,14773,2.6,4.7,9,106.4,0
13.3,18964,35.4,3.6,2,39.1,0
11.4,14609,29.9,2.7,9,53.9,0
20.0,22696,19.7,4.0,1,26.8,0
13.8,25543,2.5,2.5,7,68.2,0
17.3,6376,27.2,1.5,8,92.6,1
7.1,15617,17.4,2.8,4,116.9,1
10.4,9486,34.8,2.2,10,65.8,1
7.8,11293,21.6,4.1,8,111.0,1
10.0,9665,37.2,4.5,4,36.3,1
11.6,8580,3.4,2.9,1,117.6,1
3.0,27618,19.0,3.2,4,68.0,0
19.3,23671,30.2,3.8,4,53.9,0
7.8,22959,18.1,2.0,1,47.2,1
5.0,13216,0.3,3.8,0,35.2,1
17.3,8321,20.6,2.1,7,33.6,0
18.7,24711,23.0,2.0,7,98.8,0
2.4,20124,14.2,2.6,0,84.1,1
2.4,19193,29.1,4.2,1,37.4,1
9.2,19824,7.3,2.9,1,58.7,0
11.2,7657,26.1,3.2,0,116.6,1
17.0,11449,16.3,2.9,6,109.3,0
0.5,18793,10.6,4.1,7,41.4,0
14.7,31669,22.2,3.9,2,30.9,0
1.6,30108,21.7,4.0,0,15.5,0
18.4,23403,6.3,4.8,1,103.6,0
1.8,34240,9.4,1.5,9,37.1,0
12.6,19737,26.3,3.3,5,112.8,1
14.5,13821,10.6,1.5,10,43.0,0
15.2,8377,0.4,3.5,9,119.6,0
4.7,14690,5.3,2.4,1,106.7,1
3.6,33320,21.7,2.2,10,68.2,0
11.3,27737,4.1,4.5,4,22.7,0
11.3,14924,11.3,1.8,5,32.4,0
5.6,22008,10.0,4.6,0,20.2,0
5.9,6116,13.3,1.5,4,27.8,1
14.3,24379,0.4,1.3,2,70.0,0
11.9,10852,17.2,1.2,5,108.9,1
17.3,17724,8.4,2.0,1,48.9,0
17.6,26337,30.0,4.7,3,105.1,0
16.3,34882,16.5,1.7,5,96.1,0
13.6,30086,32.4,2.1,1,52.1,1
9.7,12539,32.7,2.8,4,100.3,1
4.8,27627,7.7,2.3,1,116.4,1
13.0,19096,27.2,4.4,5,113.3,0
19.4,11851,23.2,4.9,0,21.9,0
14.7,16278,17.5,4.9,1,52.4,0
5.5,29225,17.4,3.1,8,85.6,0
14.9,12456,14.6,1.3,10,111.3,0
13.4,10083,28.8,2.2,4,83.4,1
14.1,24166,5.1,2.7,6,84.5,0
12.5,15861,16.2,4.3,4,41.6,0
11.8,27453,12.9,2.8,10,33.5,0
18.1,32084,29.4,3.6,4,66.7,0
7.0,32818,38.1,1.9,4,34.7,0
1.0,14023,39.4,3.4,1,60.1,1
11.7,29538,27.9,3.0,3,26.2,0
17.9,34194,30.8,1.4,6,34.1,0
14.1,21222,2.0,2.0,1,60.2,0
13.5,24314,23.8,4.8,7,77.4,0
10.3,33216,36.3,2.8,2,91.8,0
5.6,14101,33.6,2.1,8,63.3,1
9.1,29381,11.4,2.1,5,108.2,0
3.4,18551,27.8,3.8,1,55.6,1
9.6,8040,8.3,2.7,9,114.1,0
17.7,24864,15.2,1.0,5,42.8,0
17.9,33385,16.8,4.0,8,98.0,0
10.0,14943,17.4,1.1,5,83.6,1
14.6,33541,18.7,1.5,9,68.8,0
12.0,27725,1.1,3.6,2,105.4,0
5.6,16726,8.5,2.3,6,40.6,0
8.7,33358,3.3,1.1,8,15.7,0
4.9,8248,31.2,3.6,0,114.5,1
0.9,10993,9.5,2.9,1,72.0,1
14.1,31129,14.8,3.4,1,95.6,0
6.6,24962,1.0,2.2,10,109.9,0
18.9,12498,3.0,3.8,10,36.7,0
6.4,28421,24.0,1.5,9,96.1,0
8.9,18142,2.8,3.6,0,103.5,1
2.6,17868,25.4,4.3,2,57.9,1
19.3,14850,24.6,4.7,7,61.1,0
12.1,16561,34.1,4.3,1,40.7,1
15.1,24672,24.4,2.5,0,64.4,0
10.0,17626,31.9,2.4,9,87.1,0
0.7,12260,3.4,3.9,7,71.1,0
9.8,29325,19.6,4.2,1,42.4,0
5.2,27756,23.3,2.9,8,47.8,0
11.2,17528,28.1,2.1,4,35.4,0
6.7,30342,21.4,4.0,2,31.1,0
5.9,25319,39.1,3.1,4,117.9,1
6.3,17825,7.2,1.1,8,23.9,1
1.6,15572,27.9,1.5,7,21.3,0
6.0,21686,17.6,1.7,0,37.8,1
2.7,8141,16.0,1.3,10,85.5,1
16.3,15956,3.4,2.0,8,94.1,0
15.9,13395,31.0,2.5,7,42.7,0
8.9,24632,24.8,3.4,1,114.2,1
4.6,27640,3.2,2.0,8,18.3,1
9.3,25458,18.8,1.1,4,87.8,0
9.4,28524,9.3,2.1,10,74.9,0
4.4,9760,21.8,3.6,4,100.9,1
3.7,16079,23.8,4.3,4,58.3,1
6.4,19189,37.7,3.0,7,58.2,0
17.8,30069,12.9,2.0,1,35.2,0
17.3,25238,38.0,5.0,10,100.4,0
15.4,11740,18.8,3.6,4,30.0,0
12.9,22112,38.8,2.9,6,46.7,0
17.2,16807,16.5,3.0,10,114.0,0
11.2,20903,3.5,2.0,1,116.7,1
10.5,6037,26.3,3.2,6,16.0,1
12.6,22334,25.0,4.0,3,39.4,0
6.1,34863,27.9,1.5,10,77.0,0
3.6,24049,0.5,2.6,3,119.1,0
9.5,9849,25.9,1.6,4,66.0,1
16.8,21473,9.7,3.2,6,31.0,0
15.1,10473,34.6,2.1,6,47.4,1
5.7,6084,11.3,2.2,9,73.8,1
17.4,20632,21.5,2.4,8,93.9,0
18.7,34495,7.5,3.8,9,52.1,0
8.5,16426,29.8,3.8,6,52.5,0
16.5,10984,19.8,1.1,8,116.2,1
2.5,33690,17.6,3.1,7,11.7,0
17.5,11058,3.0,4.1,4,47.2,0
13.2,33910,13.1,3.7,8,51.8,0
14.5,30884,19.5,3.2,9,17.5,0
18.5,13454,29.9,2.7,1,93.6,1
2.5,11451,27.8,4.6,0,45.7,1
7.5,20112,5.8,3.1,9,85.0,0
3.9,25971,34.8,3.5,3,64.7,1
5.0,26902,10.2,2.0,0,108.9,1
6.1,23910,6.3,2.8,5,118.6,0
19.3,28620,10.0,4.4,3,119.9,0
2.6,18496,22.9,3.3,4,12.4,0
8.2,6265,22.6,3.7,0,110.2,1
16.7,15378,31.0,1.9,5,34.1,0
5.4,30758,28.8,3.6,2,79.1,0
13.1,16123,31.5,1.1,5,90.6,1
6.3,30493,16.6,1.8,8,106.4,0
10.3,14930,33.2,2.0,7,116.4,1
17.5,32353,4.6,4.9,2,93.0,0
13.7,28098,39.2,4.9,8,50.2,0
0.8,23582,4.9,2.5,10,38.8,0
13.0,18172,4.3,1.9,0,78.2,1
6.9,25991,8.9,1.3,7,110.0,0
8.5,10580,1.8,1.1,7,22.8,0
11.0,18735,18.1,3.7,8,56.1,0
3.5,19594,26.2,4.3,9,54.9,0
1.1,18141,8.7,2.8,3,104.1,1
13.9,23841,36.1,3.6,0,53.8,0
2.9,33788,33.0,1.4,3,80.6,1
0.9,31781,13.3,5.0,9,32.6,0
11.3,25214,8.6,4.5,5,95.2,0
12.1,15085,34.3,1.6,2,69.4,1
2.6,34391,1.0,1.1,3,74.8,1
5.7,10153,29.7,3.1,1,62.4,1
10.5,9573,18.1,1.9,9,14.8,0
17.4,23086,12.1,3.6,0,16.7,0
8.3,28482,4.3,3.8,7,18.1,0
12.4,8152,5.0,3.5,9,70.3,0
19.9,23385,11.8,3.0,6,20.9,0
17.1,27329,35.1,3.2,3,57.3,0
8.6,33112,18.1,2.7,1,44.4,0
5.5,11001,27.5,2.9,1,101.5,1
2.4,30208,14.9,1.5,0,74.5,1
6.9,10005,16.4,4.5,6,105.5,1
19.4,25674,12.5,1.4,8,33.4,0
4.9,9546,14.0,3.2,1,93.9,1
16.2,33694,22.4,4.1,9,77.5,0
1.0,27555,33.2,2.1,2,40.1,1
18.5,17502,0.2,4.5,9,82.3,0
14.9,7004,3.7,3.1,6,56.2,0
7.7,29645,13.0,4.8,9,19.3,0
3.6,26245,2.0,1.3,7,82.8,0
9.1,14951,8.6,3.0,5,57.3,0
13.7,21945,21.1,2.2,3,53.5,0
0.6,15876,37.8,4.1,4,41.8,1
10.2,20111,7.0,2.5,3,65.0,0
16.2,8361,15.9,4.0,6,12.1,0
17.3,24866,17.2,2.6,10,55.9,0
0.9,16642,6.9,4.8,7,101.5,0
2.2,33672,4.2,2.7,6,67.6,0
6.6,17125,8.9,4.1,1,66.2,0
10.4,31435,14.0,3.9,10,99.7,0
3.4,12464,6.9,1.6,10,18.3,0
12.7,21202,30.2,4.0,7,84.9,0
13.0,26464,12.9,4.9,5,26.6,0
9.1,15922,31.9,3.4,5,65.8,1
9.3,7864,14.7,2.1,10,105.1,1
12.5,22615,15.4,3.3,0,59.5,0
13.2,16535,24.2,3.0,0,59.6,1
16.8,29406,3.4,3.6,0,37.3,0
9.1,23129,24.4,2.5,4,52.6,0
13.7,7715,31.6,3.6,1,46.3,1
8.0,14257,28.9,3.6,9,106.1,1
11.9,10634,36.7,2.2,10,86.8,1
12.1,8776,12.4,2.5,5,99.5,1
16.7,30208,39.9,4.6,1,81.1,0
7.6,17881,12.4,4.8,5,114.2,0
4.9,10507,6.2,2.2,1,65.8,1
14.9,23253,1.5,2.3,9,24.4,0
3.7,33241,27.7,3.5,2,89.3,1
7.6,29579,9.5,2.8,4,92.8,0
5.1,13837,12.4,4.2,7,109.4,0
13.7,24691,39.4,2.8,4,95.6,1
8.7,11310,32.7,4.2,2,106.0,1
9.9,18163,22.2,1.4,8,103.6,1
15.4,14938,18.0,3.1,6,20.1,0
16.4,34987,14.0,1.1,0,53.6,0
8.0,8674,15.0,1.1,1,102.3,1
15.9,10508,1.5,4.7,7,86.6,0
14.3,20699,24.6,4.6,0,38.2,0
11.2,29830,24.4,2.7,4,36.1,0
5.1,26937,31.8,2.8,1,102.0,1
11.0,26707,20.6,2.0,2,42.0,1
7.4,24699,16.7,3.7,1,67.6,0
19.1,23828,20.3,5.0,8,12.2,0
1.3,18677,39.2,2.0,0,49.3,1
5.2,27531,25.1,4.1,5,24.7,0
7.1,27063,7.0,4.1,7,117.9,0
4.1,10418,2.5,4.1,7,14.1,0
15.9,7373,12.6,2.2,6,118.8,1
5.4,30683,25.9,2.1,0,105.2,1
2.9,18059,17.5,2.6,7,108.4,1
19.5,22259,27.7,2.5,8,39.3,0
8.8,20110,24.1,4.3,8,42.3,0
6.9,15687,12.3,3.4,6,28.3,0
9.2,29816,34.8,2.4,6,40.2,0
19.0,8458,26.8,2.6,8,98.1,1
19.1,10678,33.9,3.7,7,13.8,0
15.7,18003,14.5,4.8,0,76.6,0
19.0,18190,17.8,1.3,2,68.2,0
13.2,14179,38.4,1.1,2,64.9,1
11.5,14577,31.0,3.8,3,119.6,1
18.4,22095,8.0,1.5,1,59.7,0
9.2,8876,32.4,4.9,5,83.5,1
11.2,15514,35.7,4.4,10,29.2,0
4.9,12585,31.7,1.9,7,12.9,1
7.7,32334,39.3,1.5,1,17.2,0
14.5,21684,21.0,4.1,9,18.1,0
13.0,20744,18.6,3.1,2,106.6,1
13.0,11962,30.7,1.5,8,110.2,1
2.9,11014,12.2,1.6,3,48.1,1
18.0,33719,3.2,1.8,8,40.2,0
12.5,9061,20.1,1.7,9,27.0,0
14.6,25829,13.5,4.7,0,100.8,1
1.4,27019,30.8,2.1,3,94.4,1
13.0,22319,35.6,3.2,10,115.2,0
16.2,28445,16.2,2.8,0,27.4,0
9.6,17147,24.3,2.3,5,90.8,1
19.5,10284,30.4,3.1,1,45.1,1
5.7,14123,5.6,1.2,6,105.1,1
19.3,11233,32.5,4.7,5,30.9,0
19.9,21296,20.0,2.2,0,19.9,0
9.4,13888,8.6,2.4,0,40.9,1
16.9,28037,18.8,3.1,1,57.4,0
14.7,31030,16.1,1.2,0,72.7,0
11.3,8409,15.5,2.8,8,40.8,0
13.8,9893,5.1,1.4,5,97.4,1
18.8,30738,5.8,3.4,6,65.0,1
3.2,16913,32.2,3.1,2,76.7,1
6.9,26089,12.7,2.6,9,91.3,0
7.1,33141,20.4,3.0,9,43.0,0
7.7,28079,4.4,2.7,4,97.6,0
13.9,6873,23.9,2.1,10,96.1,1
11.8,29638,2.1,2.9,8,79.2,0
16.9,10842,32.9,2.0,9,114.3,1
0.9,16279,16.8,2.7,3,55.1,1
18.5,34600,33.9,3.9,2,67.1,0
20.0,21675,21.0,2.3,2,60.6,0
11.2,28146,30.9,3.9,10,98.4,0
9.9,14077,11.2,2.2,4,94.8,1
14.0,22023,12.7,2.4,4,41.7,0
11.1,18928,32.7,4.8,2,41.9,0
14.4,17349,37.0,3.6,7,33.5,0
5.8,24416,27.8,1.5,9,91.5,0
1.5,23401,9.0,1.9,1,55.5,1
2.5,31256,5.5,4.9,2,54.8,0
17.6,21645,26.0,4.0,4,45.3,0
18.2,8931,26.1,1.9,0,110.5,1
17.7,11760,37.4,1.1,6,96.7,1
15.1,34583,37.0,4.5,0,42.8,0
18.6,16978,11.4,5.0,8,67.7,0
3.1,22522,18.7,1.8,1,46.4,1
13.1,29547,7.4,3.9,4,72.5,0
3.9,34054,25.5,2.6,6,66.7,0
13.6,12054,39.3,2.9,3,10.8,1
9.2,14748,38.2,2.2,9,11.3,0
14.0,8035,26.7,2.9,2,54.6,1
18.0,29054,30.8,3.8,10,110.8,0
12.5,13180,38.3,2.9,7,92.3,1
8.6,23997,36.5,4.0,10,100.8,0
13.8,25523,34.9,1.3,7,68.1,0
18.4,9676,2.5,3.2,8,32.2,0
3.7,33999,20.8,1.5,3,88.9,0
18.0,20597,32.3,2.8,8,55.7,0
11.4,28045,32.3,3.9,6,38.0,1
4.7,8393,1.8,2.4,1,69.5,1
17.9,21468,1.3,2.6,2,94.2,0
13.1,19774,15.0,4.6,7,105.7,0
7.8,28371,38.6,4.5,2,81.9,0
4.0,23604,15.7,1.5,3,101.8,1
19.6,21171,26.9,3.2,8,51.7,0
9.5,11083,11.0,4.7,1,13.5,0
12.5,34958,35.6,2.0,1,21.1,1
12.2,29045,34.9,2.0,0,54.2,1
4.7,34302,31.0,1.6,4,35.8,0
11.7,24922,23.9,3.7,5,36.1,0
19.7,23080,8.8,2.2,0,71.2,0
14.8,11738,25.0,2.7,7,15.2,0
13.0,18489,31.4,2.3,6,54.9,0
4.1,23626,18.9,4.4,4,104.3,0
9.5,7888,22.5,4.9,8,68.3,0
5.5,16822,25.9,4.7,5,20.2,0
4.2,14796,15.1,3.4,0,106.1,1
15.4,29734,26.9,1.9,3,105.6,0
19.2,6502,8.5,1.8,1,92.2,1
18.3,28794,24.2,1.8,3,70.7,0
7.9,23486,25.9,2.2,5,66.4,0
2.4,29672,18.8,4.4,3,50.8,0
11.5,13250,29.7,1.1,8,112.8,1
8.6,10994,7.8,1.9,9,101.7,0
13.3,28441,13.5,4.1,7,116.3,0
10.1,11512,29.3,2.4,2,89.2,1
18.4,23764,39.6,4.8,8,13.7,0
18.9,27896,1.9,1.0,2,102.7,0
14.3,6299,8.7,2.8,0,78.0,1
12.5,21833,26.4,1.1,8,70.7,1
10.8,15002,21.4,2.1,8,99.4,1
16.2,11874,4.3,1.4,2,36.5,0
5.4,17614,10.7,2.6,5,115.5,1
5.2,28847,9.0,3.7,1,81.9,0
15.3,9063,16.2,2.5,7,16.2,1
3.8,22379,33.8,3.6,5,72.2,1
2.4,23306,36.8,1.9,9,62.3,1
1.9,15187,36.0,3.3,0,29.7,1
0.8,12788,23.5,4.0,6,112.2,1
11.5,24569,33.4,2.6,8,46.5,0
3.2,28587,29.0,3.0,5,15.9,0
16.9,17160,24.2,3.5,9,53.6,0
1.1,14956,31.3,2.8,3,49.1,1
8.9,28272,23.4,2.5,9,42.5,0
1.9,14780,6.2,3.8,10,27.0,0
7.5,8998,0.2,2.2,5,93.7,1
2.2,20122,18.0,3.2,6,21.4,0
11.3,25560,23.9,2.3,6,11.4,0
15.7,29751,36.0,4.6,3,72.9,0
7.9,10549,10.8,2.1,2,17.0,1
8.7,21867,31.3,2.4,3,89.3,1
12.5,21003,4.3,2.2,6,46.5,0
16.2,16798,17.6,2.7,10,117.2,0
6.8,28783,8.0,2.3,6,116.6,0
14.1,22089,38.7,4.1,5,51.4,0
8.2,9731,37.3,1.8,8,29.8,1
1.0,29829,18.5,3.8,7,97.7,0
1.8,33780,31.8,2.6,7,25.3,0
5.4,11050,28.6,4.2,1,59.4,1
11.9,23510,20.3,4.7,6,69.8,0
7.5,32617,21.5,3.6,1,22.0,0
13.5,11450,25.9,1.2,10,84.5,1
15.2,32090,17.2,1.0,4,34.4,0
11.4,28533,23.0,2.8,6,60.9,0
14.0,10939,13.8,1.1,1,42.5,1
2.2,33240,37.6,1.6,4,47.7,0
10.7,17413,19.0,2.8,7,45.1,0
16.3,9771,0.9,2.4,1,84.5,1
19.7,13992,20.6,3.2,5,71.6,0
5.0,19272,25.2,1.7,10,57.5,1
12.5,12465,18.0,2.7,0,87.5,1
15.2,32500,31.8,3.3,8,30.6,0
9.4,14596,26.8,3.0,10,44.5,0
8.2,9743,13.9,4.4,9,29.0,0
16.1,26135,23.6,3.7,5,23.0,0
4.1,28722,5.7,2.6,9,25.2,0
4.1,26824,21.5,4.7,2,71.0,0
3.2,16308,33.7,3.5,5,114.7,1
4.3,18581,38.6,3.0,7,55.0,1
14.3,20544,19.5,1.3,0,97.5,1
1.1,13367,21.5,1.7,7,72.2,1
10.2,22738,4.5,1.5,8,100.6,0
16.5,7363,30.4,2.8,3,118.9,1
16.7,30620,9.9,4.5,0,59.5,0
16.4,20387,34.6,1.5,3,33.1,0
13.9,34214,28.4,3.5,2,77.8,0
16.4,32392,2.4,2.4,4,75.7,0
19.6,15589,11.6,2.1,8,118.4,0
2.4,30579,31.4,4.7,4,105.4,0
17.4,14181,5.8,2.3,3,93.8,0
10.0,24921,25.3,3.5,6,59.7,0
17.7,9050,16.1,4.0,5,60.0,0
11.8,34472,31.0,3.9,7,79.8,0
17.1,32072,21.4,1.9,6,100.7,0
6.8,15292,13.5,3.3,9,103.8,0
17.9,30977,1.9,1.4,7,11.8,0
3.6,20959,0.0,4.8,3,119.5,0
17.7,15891,6.4,4.7,4,20.3,0
2.1,27774,36.2,1.7,6,78.8,1
15.2,20065,26.2,3.8,0,33.5,0
12.1,23021,27.2,1.0,5,99.9,1
8.7,10331,19.1,1.9,1,90.4,1
6.6,34868,12.0,2.5,2,80.6,0
1.8,24457,0.3,3.6,7,48.6,0
15.1,19490,24.6,2.8,3,19.5,0
15.2,25319,29.2,2.4,6,44.6,0
5.9,8760,9.9,3.4,9,41.3,0
1.0,33756,26.3,2.2,8,76.8,0
8.1,27173,2.2,4.6,3,64.4,0
10.2,25461,2.8,4.6,0,118.6,0
3.1,34207,33.6,2.7,8,85.1,0
19.1,31243,2.9,3.3,0,38.8,1
1.7,31863,15.9,2.1,8,94.4,0
8.3,26989,21.5,3.5,4,19.2,0
18.5,32478,6.2,2.3,9,79.8,0
13.8,8166,12.4,2.7,3,16.4,0
9.0,20856,24.5,1.2,10,91.6,0
2.8,29196,5.5,1.0,7,114.8,0
15.8,29618,10.4,2.5,4,90.6,0
18.0,16977,32.3,2.1,1,38.9,1
12.7,22257,18.2,2.4,7,104.5,0
3.6,31340,4.1,3.3,1,35.1,0
1.4,34276,0.5,1.2,5,52.1,0
18.7,34098,1.4,4.2,10,56.1,0
8.6,29602,12.8,4.3,9,51.0,0
18.1,11876,8.9,3.1,0,114.9,1
9.6,15250,30.9,2.2,1,70.8,0
4.4,24474,31.4,4.0,3,61.0,0
10.1,31316,31.0,3.9,8,93.7,0
0.6,19436,1.0,3.2,10,102.4,0
19.0,6047,30.4,2.5,4,21.4,1
5.1,22122,38.4,4.9,2,88.3,1
18.5,33705,20.8,3.8,5,60.4,0
11.8,22561,5.3,4.3,1,75.1,0
13.4,10283,9.5,2.0,5,111.9,1
16.7,16690,12.7,2.1,1,113.8,1
15.5,9570,6.2,1.7,7,44.5,0
7.5,31242,8.3,2.2,4,103.8,0
16.2,15968,33.1,3.8,0,33.7,1
3.4,29303,9.9,2.4,8,15.4,0
16.5,11697,1.2,2.6,7,71.2,0
2.3,9339,32.2,1.6,0,16.8,1
4.8,12492,32.9,2.5,10,113.1,1
11.9,32632,3.0,5.0,3,109.3,0
3.0,33763,33.2,2.3,0,113.7,1
18.5,20193,32.9,2.6,0,52.1,1
7.4,12132,11.0,2.8,2,13.8,1
5.3,15670,20.0,4.5,7,16.7,0
3.2,12535,25.7,4.2,3,79.4,1
16.0,18533,31.3,2.4,8,96.0,0
11.5,16538,15.5,1.7,5,75.7,0
16.3,15205,2.3,5.0,8,49.3,0
5.0,11230,4.0,3.6,4,68.7,1
14.9,31036,39.9,1.9,6,49.0,0
17.0,11770,9.5,2.3,5,110.5,0
14.2,24600,22.5,3.3,3,102.0,0
19.4,23764,12.4,3.0,1,16.2,0
0.9,21662,0.0,4.7,3,98.7,0
4.0,32293,33.8,2.3,0,26.2,0
3.3,9634,33.9,4.4,1,51.1,1
8.2,9310,13.5,2.3,2,90.6,1
13.0,21964,26.0,1.7,8,86.3,0
15.8,13315,26.6,4.3,6,43.8,0
3.0,29882,0.1,3.8,9,53.1,0
19.3,7061,7.3,2.3,9,34.3,0
18.8,10608,13.2,1.3,5,118.1,1
17.8,8907,32.9,3.7,5,59.1,1
5.4,8221,14.0,4.1,0,15.3,1
8.7,11450,35.4,3.0,6,48.6,1
16.7,31845,34.6,3.6,10,34.8,0
16.1,7094,11.8,2.3,1,18.2,1
7.8,29985,3.0,4.8,1,47.2,0
17.9,29085,1.2,4.8,2,76.8,0
1.5,16849,8.2,1.8,8,89.4,1
5.7,15224,11.9,1.4,6,72.9,1
3.5,17823,0.2,1.4,10,78.8,0
2.4,12781,6.8,2.2,1,62.1,1
15.8,21431,19.6,3.6,1,80.6,0
7.7,18499,14.8,2.8,4,58.4,0
16.8,24489,2.5,4.0,10,20.6,0
16.3,19565,38.8,3.4,8,16.7,0
10.7,23547,27.5,4.7,9,107.0,0
2.0,33981,28.6,3.0,8,98.0,0
12.6,9941,38.0,2.8,2,116.9,1
3.0,19873,3.1,3.7,3,119.7,1
16.8,14450,12.8,3.9,1,19.6,0
11.3,34069,11.0,2.8,0,96.5,0
10.7,19749,4.5,1.6,9,74.7,0
18.8,9461,22.5,1.4,4,105.4,1
17.6,14655,15.3,2.9,9,62.0,0
8.4,26258,24.3,3.8,0,53.5,0
14.0,7615,29.8,4.7,5,12.2,0
6.4,15186,33.7,4.4,10,20.8,0
3.1,30370,17.7,4.3,4,90.2,0
2.2,20474,8.5,4.3,7,93.5,0
16.5,22884,31.7,1.3,8,54.4,0
10.7,24634,1.2,1.8,3,102.1,0
9.4,17808,28.2,2.1,7,65.6,0
2.9,7001,9.7,3.0,7,29.5,0
11.9,17460,13.8,4.4,4,92.4,0
6.1,18666,2.0,4.4,3,104.3,0
13.7,14817,26.1,3.1,10,11.0,0
13.1,25698,32.0,1.9,9,98.6,0
19.4,27061,11.0,4.6,5,60.5,0
6.4,23060,33.0,2.6,1,10.8,1
19.3,33504,15.0,3.6,9,41.1,0
9.9,17019,39.5,3.6,4,38.7,1
17.9,15790,7.5,3.1,3,109.0,0
16.1,25661,16.2,2.3,2,89.3,0
20.0,14500,36.3,2.6,0,74.1,1
16.4,17244,29.1,1.9,8,80.2,0
18.8,17747,20.3,4.4,10,106.4,0
2.4,10192,29.6,3.9,8,93.9,1
13.8,16998,26.2,1.9,3,91.9,1
15.9,16856,14.9,3.3,7,103.6,0
17.4,25122,23.2,3.5,7,107.8,0
17.4,18506,21.2,2.7,2,25.1,0
8.5,24658,35.7,4.9,2,44.8,0
15.7,21977,13.3,4.9,5,79.8,1
5.8,30942,30.9,3.3,2,63.9,0
2.2,26135,17.3,2.7,6,116.2,0
1.2,12534,29.2,4.8,5,93.3,1
0.8,6135,25.1,2.0,5,44.3,1
10.3,16030,6.7,4.3,4,114.3,0
10.6,23174,13.5,4.6,2,47.7,0
7.5,12174,6.6,4.6,6,12.1,0
19.7,12920,29.4,3.4,2,23.5,0
15.9,18294,35.1,2.0,8,78.5,0
1.4,9542,26.1,1.1,1,55.8,1
11.2,21545,28.1,1.8,10,79.3,0
13.4,27708,20.8,3.5,2,56.1,0
10.5,26240,4.7,1.5,1,64.8,0
15.7,33246,20.9,1.8,6,42.5,1
10.2,12805,27.5,2.9,3,10.3,1
18.2,33368,23.0,3.0,1,95.7,0
14.6,14385,25.8,2.8,4,39.1,0
16.4,34643,1.6,2.2,10,44.4,0
2.4,30844,35.6,1.0,2,83.0,1
7.5,20343,38.2,2.1,1,51.0,1
2.7,19115,38.5,2.1,6,85.9,1
8.7,32113,6.7,1.5,0,118.0,0
2.5,25357,19.3,3.3,7,29.9,0
7.5,6944,34.5,4.5,2,63.1,1
17.8,20440,1.8,2.0,5,11.4,0
10.7,30367,23.1,3.3,10,106.0,0
13.9,26258,3.8,3.6,3,63.0,0
13.0,10871,33.6,3.2,9,16.0,0
3.6,33814,18.8,3.0,2,18.2,0
5.2,15114,2.0,1.9,10,51.7,0
2.0,20555,32.1,2.8,7,59.2,1
10.2,27409,0.7,2.6,0,71.3,1
2.3,25798,38.5,3.6,8,71.9,0
9.4,17169,14.5,1.2,3,102.9,1
15.5,25659,18.9,3.6,7,22.5,0
4.8,17185,14.2,3.5,4,70.2,0
2.6,11379,19.7,4.3,6,21.8,0
4.2,33924,15.7,2.8,3,88.8,0
8.6,26750,33.5,3.4,7,60.3,0
10.3,22345,0.2,3.9,8,112.9,0
9.9,22657,31.2,4.6,9,29.1,0
2.5,27545,24.0,4.5,8,107.0,0
12.4,28692,30.5,2.1,5,116.8,0
3.1,19524,24.1,4.5,8,42.9,0
17.3,29326,29.5,3.2,3,32.1,0
6.2,17314,36.8,1.5,10,117.3,1
11.1,26869,12.9,1.5,5,71.9,0
18.9,29269,16.7,4.0,8,41.5,0
16.3,23128,4.3,2.5,0,83.7,0
15.1,11273,39.3,3.7,2,102.3,1
6.3,30693,21.6,2.4,7,21.3,0
14.9,34339,9.0,3.6,6,36.1,0
16.1,15425,27.7,1.2,6,52.6,0
19.5,16245,38.6,1.2,4,32.3,1
17.3,20518,33.2,4.6,10,50.5,0
14.9,12437,31.0,4.9,4,59.4,0
2.0,11694,29.4,1.5,0,57.1,1
3.0,25136,33.8,1.0,7,88.1,1
3.5,16571,23.9,4.1,10,77.7,0
10.1,24765,22.0,1.3,5,67.8,0
10.7,31764,20.2,2.7,8,54.4,0
17.7,27736,13.3,2.4,3,114.5,0
9.8,24393,32.9,4.9,0,22.6,0
5.2,27045,24.5,3.5,0,85.1,1
18.4,9715,15.4,3.2,4,12.7,0
15.5,22852,32.1,2.8,0,42.6,0
6.7,8698,37.9,1.7,8,68.7,1
4.6,26627,30.9,4.5,6,101.9,0
16.7,34791,39.0,4.1,10,99.8,0
13.9,6778,18.4,2.3,1,18.1,1
5.4,8308,23.0,1.9,4,54.8,1
8.4,16367,0.7,3.7,8,10.6,0
1.7,30443,23.4,3.8,1,49.3,0
6.2,28474,12.1,1.3,7,52.0,0
1.1,11122,21.3,1.5,6,97.6,1
6.3,26776,5.8,3.7,10,51.0,0
11.3,24188,5.7,1.2,9,75.6,0
19.0,15984,8.4,4.0,5,33.3,0
17.1,10667,6.4,1.9,4,31.4,0
16.1,33926,2.2,4.0,8,60.7,0
6.2,8207,10.0,1.8,9,63.6,1
3.0,27478,9.4,2.1,1,109.0,1
9.3,26196,26.4,3.8,2,72.2,0
6.7,20034,6.7,2.3,3,88.3,1
5.9,17779,5.4,3.9,7,60.9,0
6.5,24077,4.4,3.6,1,102.6,0
3.2,23649,7.9,3.9,10,18.4,0
0.9,22619,25.3,4.3,9,54.6,0
18.2,24074,10.4,4.6,8,61.9,0
7.6,13317,35.7,3.4,4,24.7,1
2.3,17923,20.1,3.7,9,85.3,0
3.2,11217,7.2,4.8,10,105.9,0
14.8,17757,1.6,4.0,3,16.9,0
1.3,12775,20.7,4.2,6,61.7,1
1.4,27250,13.0,3.8,8,79.7,0
15.0,24960,21.8,1.7,10,51.6,0
18.0,8550,20.7,2.5,3,66.8,1
17.4,21953,31.7,4.5,0,65.2,0
3.7,8526,20.6,2.1,2,30.6,1
14.5,9877,26.4,2.7,5,89.2,1
9.8,12904,23.6,3.6,6,12.5,1
11.7,11279,5.4,3.1,9,26.2,0
18.5,22929,38.3,3.4,9,80.1,0
14.7,32912,11.3,1.3,7,76.7,0
9.9,13188,33.2,3.4,9,100.2,1
13.4,14667,6.7,3.7,7,75.6,0
7.9,10332,4.3,1.8,8,85.3,0
12.3,11813,19.0,3.5,0,106.6,1
15.2,9053,19.3,1.5,9,69.3,1
18.8,28235,26.0,3.1,5,106.2,0
8.9,32289,19.3,4.1,5,74.8,0
15.4,28829,23.0,2.7,4,62.5,0
17.3,15282,23.9,3.2,4,30.8,0
15.9,24939,20.9,3.1,6,82.0,0
6.7,17870,4.3,2.7,9,37.9,0
8.8,17981,24.5,5.0,6,93.0,0
15.8,21809,7.1,3.2,7,37.9,0
7.2,29117,15.9,1.6,10,23.1,0
15.8,11301,4.0,3.0,5,98.1,0
13.8,7705,6.4,4.9,0,98.5,1
9.7,25668,17.4,1.3,3,50.8,0
14.6,19128,24.6,3.1,9,16.3,0
3.9,22199,17.6,1.8,10,112.4,0
4.3,31688,24.0,3.1,3,77.7,0
7.5,27463,0.0,1.6,4,95.8,0
8.2,25204,8.0,1.1,1,111.1,1
14.7,24321,36.6,2.4,4,34.9,0
9.4,19236,23.0,2.0,6,65.7,0
10.3,17140,37.9,4.2,4,106.4,1
11.7,28747,17.7,2.5,7,94.7,0
19.2,21035,27.3,4.6,0,63.0,0
8.0,31842,39.8,3.7,3,98.0,0
7.4,23552,0.4,4.3,3,41.6,0
15.1,17206,3.0,4.7,7,44.5,0
11.7,11989,37.9,3.7,3,64.9,1
14.8,34598,10.6,1.9,3,102.0,0
15.7,9928,36.8,3.7,10,64.2,1
17.2,7384,33.9,2.5,5,64.2,1
18.0,34467,11.0,1.7,8,40.8,0
11.7,7774,21.0,2.7,8,13.6,0
17.3,31424,7.0,4.9,8,60.6,0
0.7,12905,15.2,1.4,5,77.4,1
11.2,13770,10.8,4.8,5,50.3,0
4.6,28960,30.1,2.5,6,40.8,0
3.1,24870,27.4,4.3,4,98.4,0
17.2,12424,5.8,4.8,2,62.0,1
8.7,10406,39.8,4.4,8,68.7,1
10.0,14223,22.5,3.3,6,20.9,0
4.7,14332,19.1,3.5,7,91.9,1
7.5,24267,37.3,2.0,0,55.3,1
13.8,25843,8.0,3.3,10,69.2,0
6.0,16652,26.9,2.9,7,107.9,1
6.1,26699,38.3,4.5,10,98.8,0
12.8,24731,16.2,4.6,1,27.8,0
6.7,15547,28.4,3.4,6,39.8,0
17.3,17900,29.9,3.1,7,55.5,0
1.0,29847,9.4,2.0,1,33.2,0
2.4,34792,18.9,1.2,6,67.6,0
2.5,26253,6.2,3.6,6,44.0,0
6.0,26528,5.1,3.1,2,13.1,0
17.3,16656,34.6,2.9,8,112.8,0
3.1,28859,21.6,3.4,7,79.4,0
11.5,23152,25.6,3.1,5,63.0,0
2.2,16088,14.6,2.0,4,11.2,1
15.3,10466,13.8,2.9,0,85.7,1
15.2,15817,0.4,2.7,4,75.7,0
11.2,12179,16.5,3.2,6,37.5,0
13.1,33145,15.1,2.1,6,78.8,0
16.1,26093,32.3,3.7,4,81.3,0
5.7,12160,34.1,1.7,4,22.1,1
9.3,28953,24.9,1.8,0,26.7,0
0.9,9351,11.3,1.5,7,90.0,1
3.4,22173,8.7,2.7,7,119.8,0
15.9,16821,3.2,4.0,2,16.2,0
1.9,21405,7.3,4.6,4,99.9,0
2.9,31170,28.6,2.5,7,37.2,0
4.4,30095,30.8,3.1,3,62.0,0
6.6,16586,6.3,3.9,8,67.3,0
13.0,12511,14.4,1.2,10,34.0,0
12.8,16633,0.6,4.2,9,23.2,0
0.7,7376,23.2,3.8,9,27.0,0
5.4,22381,3.7,3.5,10,16.6,0
3.5,23575,31.7,1.5,3,44.8,1
13.1,17380,32.2,2.8,3,12.3,0
14.6,14214,35.9,2.9,7,71.5,0
10.1,24569,7.5,2.4,7,40.3,0
18.3,24170,6.4,3.1,7,42.5,0
7.7,6023,31.0,3.0,2,107.1,1
7.6,26322,9.6,3.9,10,116.4,0
4.2,28387,19.9,3.2,9,41.1,0
6.8,9154,20.9,1.3,2,29.7,0
2.6,12278,4.0,3.3,6,82.4,1
14.2,14386,2.0,1.9,1,11.4,0
13.3,33265,3.2,4.2,0,49.7,0
17.9,32936,14.8,3.8,9,39.2,1
1.9,15958,3.1,1.9,8,20.7,0
10.9,12208,7.7,3.6,9,78.8,0
15.1,19604,29.8,4.1,9,49.4,0
13.5,34928,4.2,4.2,8,54.2,0
3.6,25658,17.7,2.4,5,70.5,0
17.0,19511,30.6,2.7,5,76.9,0
4.7,31090,22.0,4.0,5,115.8,0
8.2,29799,1.4,2.1,0,66.9,0
6.4,15841,39.4,1.9,5,12.4,1
13.9,15042,36.8,3.0,9,111.9,1
1.2,17654,6.2,2.1,9,37.5,0
6.4,24693,16.0,4.7,1,89.6,0
3.9,33056,36.0,3.8,1,75.5,0
14.8,24883,15.3,4.1,5,48.3,0
8.6,34437,4.8,4.1,10,103.4,0
12.9,26715,15.3,2.2,0,45.1,0
6.9,28864,8.8,1.2,6,116.8,0
11.7,8951,8.9,2.2,6,26.3,0
9.8,30422,2.0,2.6,1,53.8,0
14.1,30970,5.4,3.2,7,53.5,0
11.4,30106,21.0,2.0,4,95.4,0
18.5,8935,4.5,2.7,5,48.3,0
12.1,6793,30.8,1.7,5,77.8,1
9.1,10778,17.6,4.7,3,32.0,0
15.3,33943,3.4,4.0,3,114.4,0
17.4,32874,11.5,2.4,1,43.6,0
7.0,30248,21.5,1.8,8,92.5,0
12.6,10631,27.8,3.7,6,74.1,1
1.3,11581,2.4,1.8,9,39.8,0
18.9,8182,15.5,2.1,10,49.6,0
6.2,34947,26.0,1.9,6,65.9,0
18.1,21881,34.7,3.1,2,31.9,0
11.4,29346,0.9,2.0,8,43.5,0
15.0,6602,13.9,2.4,10,43.3,0
19.6,15039,32.5,3.5,6,107.9,0
1.1,24184,38.0,1.9,5,108.7,1
2.2,18524,20.8,3.7,10,85.5,0
11.7,19974,38.8,4.6,5,59.4,0
13.2,25039,21.7,4.2,2,44.0,0
10.7,10431,17.2,4.6,2,82.2,1
3.6,8222,22.3,4.8,1,30.3,1
3.3,6966,30.6,4.5,6,115.7,1
15.0,32925,35.8,4.7,4,26.7,0
3.1,6858,30.5,3.4,4,76.6,1
12.1,13566,27.5,2.4,7,24.7,0
9.6,27285,15.0,4.4,7,62.1,0
4.9,19388,30.6,1.1,4,114.5,1
13.6,12646,30.3,1.3,7,105.4,1
6.8,20992,35.5,2.7,0,76.9,1
14.5,18915,24.5,4.0,9,69.0,0
14.2,7261,20.8,2.8,0,106.6,1
11.0,30090,1.6,2.5,10,115.9,0
9.1,34979,12.2,4.3,7,28.3,0
18.4,28608,20.7,1.6,10,59.7,0
2.7,31517,23.4,4.6,8,24.9,0
9.3,11861,18.1,4.6,3,107.1,1
6.8,27252,36.3,4.2,1,20.0,0
12.9,8795,21.0,2.5,8,77.3,1
11.2,7438,30.7,4.6,9,105.8,1
3.7,10738,7.2,3.8,6,43.9,0
19.2,15462,25.1,1.5,2,115.6,0
15.4,6400,18.3,4.4,8,98.8,0
10.1,13106,23.6,2.9,6,58.6,0
0.6,34906,21.9,3.5,8,100.2,0
4.1,7804,26.1,1.1,0,83.4,1
6.3,8873,2.0,2.7,2,27.7,1
13.4,28932,23.8,4.1,2,116.3,0
7.5,7174,3.7,2.2,5,108.7,1
15.3,33633,22.0,2.2,2,23.4,0
6.9,19558,21.0,3.8,9,16.4,0
19.6,23332,39.5,2.9,9,112.7,0
6.1,25950,33.9,2.0,9,119.5,0
3.0,24436,19.9,3.9,7,64.2,0
12.4,29218,11.6,1.8,1,12.6,0
2.8,33789,8.3,3.5,6,55.5,0
11.4,26889,8.5,3.6,4,38.0,0
6.4,24022,13.0,1.0,10,46.7,0
11.6,6954,33.3,1.8,5,111.5,1
9.8,7165,25.8,2.9,10,60.7,0
18.0,21154,31.4,2.7,0,101.9,1
14.6,16338,22.2,1.1,9,85.4,0
17.8,17586,2.6,1.6,0,47.3,0
10.9,11438,22.8,2.6,9,22.9,0
6.5,34109,12.6,1.1,6,19.5,0
7.7,33179,38.0,1.9,4,29.3,0
1.2,12622,36.5,2.8,0,97.9,1
3.5,17144,36.9,3.9,8,44.1,0
15.5,9219,32.9,4.8,10,119.2,0
1.2,18700,28.5,3.1,0,44.2,0
17.0,34569,3.5,2.9,0,21.3,0
15.0,6736,23.1,2.2,3,45.3,1
5.9,16457,30.9,3.7,4,26.4,0
0.8,26412,22.4,1.4,8,48.5,0
3.3,29080,32.2,3.3,2,17.8,0
7.1,20537,2.0,1.1,10,15.6,0
2.2,18842,7.2,3.4,9,79.2,0
9.2,17653,12.5,4.3,10,99.0,0
18.5,31048,18.6,1.5,7,20.7,0
13.1,31116,18.6,1.9,3,25.8,0
5.5,17909,15.7,3.8,10,46.3,0
6.8,21974,1.2,2.9,5,62.7,0
6.0,17423,24.2,1.5,1,54.6,1
2.6,24223,26.0,4.2,8,60.7,0
5.2,13985,21.9,4.9,6,17.3,0
14.0,20127,31.4,2.7,5,69.9,0
13.4,8552,29.6,3.8,7,22.6,0
6.8,9199,32.9,1.7,6,17.7,1
16.4,31275,32.8,2.3,10,82.6,0
16.4,25030,36.1,3.5,0,93.3,1
9.3,15551,15.6,3.3,3,32.6,0
6.3,32029,36.5,2.2,6,89.0,0
19.8,25094,0.3,4.9,6,103.2,0
1.7,23985,38.7,1.0,8,100.3,1
17.3,34366,1.2,2.7,9,53.4,0
8.0,18503,17.4,1.8,2,62.2,1
8.0,17805,33.6,1.6,10,23.8,1
13.1,10718,28.9,2.9,6,117.2,1
3.2,32409,16.6,2.8,9,112.3,0
9.4,19897,22.1,2.8,5,34.8,0
0.6,22323,33.9,1.9,8,39.6,0
11.7,7096,39.1,3.3,5,22.4,1
14.0,10655,29.2,3.1,4,61.1,1
17.9,8898,9.8,3.5,10,115.6,0
12.9,32152,23.2,3.5,5,68.9,1
9.4,21375,23.0,2.3,5,115.7,1
6.1,7157,27.8,3.4,4,90.0,1
1.7,21504,23.1,3.3,10,118.9,0
12.7,15398,19.4,1.5,1,103.7,1
3.1,15206,11.0,2.0,1,76.4,1
14.9,27599,17.9,4.2,4,96.1,0
4.0,23281,34.5,2.4,1,116.4,1
16.5,33446,19.8,5.0,6,36.2,0
12.9,12909,23.1,4.4,0,80.6,1
2.8,11491,18.6,2.9,7,92.1,1
10.9,18445,27.3,2.6,4,26.0,0
0.7,32126,18.0,3.7,8,85.1,1
18.4,26887,14.2,4.4,9,111.0,0
7.0,14751,32.1,2.0,9,53.0,1
15.1,30061,26.9,4.1,8,47.1,0
4.0,23944,0.4,1.0,1,11.3,0
2.5,20612,14.1,3.9,4,31.2,1
2.3,25468,26.3,4.3,9,80.2,0
2.8,34063,24.2,2.5,10,72.3,0
18.0,28795,7.4,2.2,10,113.0,0
18.5,15056,30.8,3.8,10,94.7,0
3.7,8424,11.1,1.2,6,46.6,1
19.1,14672,7.1,1.3,3,77.1,0
10.1,10714,21.6,2.7,9,80.8,0
14.5,9384,1.4,1.3,4,95.5,0
10.2,27393,25.6,4.7,10,53.0,0
6.9,18823,23.0,3.1,7,62.6,0
14.7,32616,31.4,3.2,0,52.3,0
15.7,9971,22.7,4.7,5,46.7,0
1.6,27203,3.6,3.1,5,18.9,0
15.4,27226,8.1,3.2,6,82.7,0
8.1,9498,25.2,2.4,1,107.4,1
4.2,7169,7.7,3.9,9,36.2,0
16.0,27083,12.3,3.1,7,116.3,1
7.1,17066,31.5,1.2,1,33.3,1
10.7,28219,34.8,3.1,9,35.6,0
14.8,22020,26.2,2.9,9,15.0,0
3.0,11644,25.3,4.6,1,60.2,1
12.0,32797,32.7,1.5,9,97.9,0
16.2,19966,13.5,4.3,10,54.2,0
13.8,23887,5.5,4.3,3,94.1,0
7.0,9956,11.0,4.0,2,86.6,1
9.1,25070,1.6,1.4,10,77.4,0
0.8,21956,3.2,1.0,1,87.7,1
6.0,28724,32.3,4.1,2,32.7,0
10.7,19501,9.6,1.7,0,75.6,1
12.4,8884,25.1,4.1,5,56.1,1
4.2,23373,39.1,3.5,8,65.8,0
12.7,12819,11.1,1.8,2,85.4,1
9.8,11777,6.4,4.7,0,80.9,1
9.0,16954,24.7,4.6,7,14.8,0
18.5,11763,6.3,1.1,8,22.8,0
14.6,25421,23.2,2.7,10,108.8,0
2.6,13463,3.9,4.0,3,51.3,0
9.7,21873,2.2,2.7,3,112.1,0
8.1,10469,18.3,1.8,5,117.3,1
3.0,28682,22.7,2.1,1,103.7,1
3.8,17258,8.8,2.2,2,96.9,1
12.4,11568,23.1,3.2,3,19.5,0
10.0,13092,23.7,4.3,4,11.6,0
17.5,14120,13.1,3.3,9,114.1,0
18.0,19689,39.2,1.2,7,90.7,1
8.8,18921,19.2,4.2,1,59.8,0
11.4,6407,27.7,2.6,3,24.6,1
13.1,8973,0.6,3.7,2,87.4,1
15.1,6799,39.1,2.9,2,106.2,1
15.9,18137,25.1,3.8,0,104.6,1
17.9,16908,21.2,2.2,4,86.8,0
11.7,12787,31.5,1.3,5,90.9,1
18.9,28107,14.6,1.2,6,50.2,0
7.6,11743,25.9,3.8,8,88.0,1
19.6,13819,21.6,3.6,9,105.8,0
15.2,30932,9.0,2.4,4,65.4,0
1.6,18216,13.8,2.9,8,101.3,0
10.9,33046,21.3,2.2,9,50.5,0
14.0,34938,2.6,4.6,7,19.6,0
4.0,8521,4.4,2.1,2,64.6,1
10.7,26554,0.9,2.7,10,69.6,0
7.3,20544,29.5,1.1,3,16.9,1
5.0,23026,25.8,2.6,5,82.1,1
10.0,27818,27.9,4.4,7,60.4,0
18.0,16043,6.9,2.0,7,50.9,0
17.0,10860,14.1,2.8,2,78.0,1
10.9,11972,38.9,4.4,10,97.4,0
2.8,16375,23.0,2.8,5,30.3,1
1.2,16385,39.1,1.6,7,69.4,1
6.4,6816,16.2,3.0,2,114.3,1
3.5,30199,21.8,3.0,10,87.6,0
6.2,30712,39.2,3.3,2,98.0,1
18.5,17098,27.6,3.9,0,25.3,0
6.5,19160,24.7,1.9,5,20.2,0
13.0,25117,21.1,4.1,4,31.5,0
17.1,28186,26.9,1.3,8,53.4,0
12.3,22762,37.7,4.6,5,53.7,0
8.8,18652,14.9,2.1,5,43.9,0
11.4,13067,29.1,2.8,6,98.4,1
16.2,19888,29.1,2.7,9,75.8,0
6.4,34427,21.0,2.3,9,93.2,0
8.5,14956,16.6,3.2,9,93.1,0
4.1,18509,11.6,3.0,4,101.8,1
11.4,21186,9.0,4.2,2,38.9,0
16.8,21484,5.0,3.7,4,55.9,0
13.9,14019,1.1,4.1,7,119.4,0
15.0,25040,19.2,2.7,4,79.1,0
14.0,9918,14.9,3.9,0,103.0,1
1.6,16475,18.4,3.8,5,28.0,0
8.7,17664,1.9,2.2,10,113.0,0
15.4,12004,30.6,3.4,2,69.8,1
16.6,28445,32.0,2.1,5,20.5,0
16.6,6422,5.5,2.1,7,55.3,0
3.7,13139,6.2,1.9,3,97.5,1
13.9,23224,33.8,3.9,1,55.9,0
2.8,10300,36.9,2.9,4,86.0,1
9.1,25583,20.9,4.9,2,88.1,1
16.4,13286,5.1,3.8,3,43.8,0
19.6,19920,27.6,4.1,1,12.1,0
8.9,12434,4.3,4.2,8,75.2,0
18.2,7418,2.6,3.7,1,96.1,1
4.5,12554,7.4,2.4,1,26.0,1
5.9,24997,13.9,1.6,8,95.9,0
10.3,8239,4.0,3.3,0,68.2,1
19.3,11628,36.1,3.1,1,111.7,1
17.1,21555,14.7,3.4,7,84.1,0
16.8,18439,17.0,3.1,6,22.4,0
2.9,9614,20.8,3.0,5,87.5,1
1.3,16751,19.7,2.5,7,76.0,1
19.5,20547,9.0,2.6,6,30.8,0
16.9,21586,37.6,2.5,0,119.9,1
2.6,20354,20.9,3.7,1,25.8,1
12.0,9333,29.7,4.6,2,17.1,1
7.1,25495,33.8,2.6,3,102.2,1
5.9,29379,30.6,3.4,10,113.8,0
13.5,19252,39.5,3.0,2,94.5,1
5.4,22294,9.2,4.8,0,21.0,0
1.8,28220,1.1,1.7,9,84.7,0
12.6,9156,30.4,3.6,8,94.4,1
4.4,27695,19.9,3.0,8,47.8,0
11.2,31033,1.3,2.7,1,52.2,0
7.8,21062,1.4,1.7,10,104.6,0
14.3,22104,17.2,2.2,6,63.6,0
13.7,27629,22.2,3.2,7,62.4,0
10.4,18824,10.5,3.4,6,77.9,0
19.6,16501,2.5,3.4,2,102.1,0
15.0,6881,30.6,3.5,6,20.7,0
7.5,17510,2.3,2.0,3,81.3,1
18.3,8146,34.8,1.5,2,12.2,1
9.5,34290,16.9,3.1,6,39.3,0
12.0,16371,15.1,2.6,9,20.7,0
14.0,12747,13.4,3.0,10,47.3,0
7.6,20286,8.1,3.5,1,102.4,1
6.1,7557,11.9,3.3,3,78.7,1
14.5,24946,3.8,2.3,1,72.3,0
8.8,17380,31.8,3.6,4,65.5,1
13.4,16267,8.0,2.6,9,66.7,0
11.2,34865,0.7,3.8,2,73.5,0
19.3,30320,37.5,2.1,10,68.6,0
15.5,20212,37.4,3.9,0,67.4,1
3.4,10930,29.9,4.1,6,55.1,1
18.3,26772,8.1,2.6,4,81.1,0
12.2,19299,9.5,1.6,0,37.0,0
9.6,24344,39.7,2.7,0,32.2,1
1.1,31875,32.1,3.6,2,80.9,0
14.6,31632,0.8,4.4,1,44.5,0
1.7,19336,35.9,3.7,1,53.7,1
16.9,13734,4.5,3.9,1,67.4,0
19.0,23211,10.1,4.5,3,76.0,0
6.6,33273,23.4,2.6,3,112.9,0
2.6,13015,38.8,2.8,4,104.9,1
10.9,28925,37.9,2.3,6,62.2,0
5.9,31699,37.5,2.5,5,100.4,1
19.4,25851,1.4,4.0,0,86.0,0
5.2,24111,15.4,3.6,5,109.3,0
10.9,13745,34.3,2.6,6,112.0,1
6.4,32958,30.3,2.2,2,110.7,1
17.6,31124,25.8,4.2,4,105.3,0
18.8,21436,29.5,4.7,5,88.9,0
16.5,33013,6.4,2.0,1,48.7,0
16.4,30175,13.1,3.8,0,80.6,0
9.1,27007,5.4,2.6,10,43.6,0
2.7,14179,20.7,4.9,10,93.9,0
13.9,31973,37.6,2.8,2,38.7,0
16.6,32198,11.3,1.3,5,30.0,0
18.9,34978,22.8,1.1,0,111.5,0
12.7,8915,39.0,1.8,2,15.5,1
12.2,10890,3.6,2.5,9,22.9,0
9.0,20867,33.1,3.0,3,88.5,1
17.3,31628,10.6,4.0,6,24.3,0
12.2,33003,11.3,3.7,6,29.8,0
1.1,14578,9.4,2.8,3,50.7,1
9.4,6338,18.8,4.5,6,85.6,1
14.3,30120,23.9,1.3,8,16.5,0
5.1,17609,39.9,4.8,9,88.1,0
0.6,22532,24.8,2.2,6,83.8,1
17.9,7347,23.2,2.0,8,64.2,0
9.6,8937,12.7,3.1,2,38.6,1
19.6,22358,34.9,4.3,5,111.9,0
17.6,26084,33.2,4.7,8,44.4,0
6.7,22098,30.5,1.6,10,80.0,0
4.2,7788,9.2,1.1,4,28.0,1
2.8,22217,1.6,2.4,8,63.4,0
17.0,34405,5.9,2.4,3,105.5,0
3.8,22670,32.9,3.3,10,74.4,0
19.4,23236,30.7,1.7,1,37.1,0
2.3,16769,1.0,3.7,10,23.4,0
18.6,9475,33.5,1.6,1,60.6,1
9.9,26589,38.2,3.4,0,46.2,0
12.6,20847,13.0,3.9,9,24.2,0
16.1,15271,12.9,1.2,1,70.2,1
2.3,14361,7.1,4.9,6,19.8,0
3.7,31542,16.1,3.6,10,27.0,0
16.1,30113,32.3,2.2,10,76.4,0
2.4,18040,20.5,3.0,6,62.4,0
8.7,30788,16.9,2.5,2,57.8,0
1.3,17198,38.9,3.7,10,85.5,1
10.2,26629,25.9,1.3,7,58.1,0
9.8,10869,39.4,3.7,4,102.6,1
6.3,7563,22.0,4.7,8,21.8,0
2.3,27654,28.8,4.3,5,38.0,0
10.3,9733,29.6,2.9,2,102.7,0
8.6,29081,11.9,3.3,7,93.3,0
16.3,17184,38.7,4.5,2,33.2,0
19.7,14497,34.9,1.4,8,12.0,0
0.8,27489,19.1,3.8,10,116.2,0
10.0,26266,32.5,3.5,10,115.9,0
16.2,8871,5.0,1.1,1,99.8,1
4.2,6878,8.4,3.6,10,36.6,0
17.2,23648,7.6,2.2,7,26.3,0
2.8,10994,29.6,2.8,7,61.9,1
11.9,12597,11.8,4.3,6,15.6,1
12.8,29366,17.3,2.7,7,91.1,0
11.3,15528,1.5,2.6,8,75.0,0
13.7,32761,34.7,1.9,0,68.1,0
6.7,8081,10.7,3.6,7,22.9,0
13.1,20690,27.9,1.1,4,89.9,1
9.0,22634,8.8,4.6,5,111.4,0
14.4,21350,5.2,2.2,6,115.6,0
13.6,30070,14.4,2.9,2,78.4,0
15.1,27858,19.3,1.7,2,76.6,0
8.6,22178,12.1,1.8,0,119.9,1
5.6,28181,6.3,4.3,8,13.5,0
8.9,26236,9.1,3.2,7,38.4,0
7.4,7529,30.8,3.2,2,103.9,1
12.3,9412,28.3,4.7,7,97.9,1
15.2,9469,31.3,3.4,1,100.6,0
2.6,26641,4.7,1.8,5,27.3,0
9.1,22577,19.9,4.5,2,81.2,0
3.2,33806,8.1,4.9,0,37.0,0
7.2,22548,6.9,2.1,6,49.7,0
3.5,30690,21.2,4.1,2,98.2,0
8.5,21032,38.1,3.1,10,49.8,1
3.3,6325,28.7,3.1,1,19.3,1
19.6,11384,17.4,2.6,0,82.6,1
18.1,7894,39.1,4.9,10,106.3,0
8.7,28310,28.0,4.5,5,110.0,1
6.0,23294,24.4,1.6,6,59.1,0
11.1,31832,24.7,2.8,5,107.6,0
8.4,12464,35.2,1.3,8,46.8,1
14.9,10128,20.8,3.2,3,20.2,0
10.7,30806,25.4,1.1,8,75.2,0
15.6,29806,16.9,3.0,0,102.6,0
10.4,10057,1.9,3.6,1,59.4,1
0.6,17107,39.3,4.2,9,72.2,1
12.7,23474,33.8,1.9,4,41.3,0
14.4,28034,5.6,2.5,3,21.6,0
4.3,31511,14.5,1.4,6,101.1,0
1.7,10261,19.1,2.8,5,84.5,1
11.4,31520,15.8,2.1,7,80.0,0
13.9,22041,29.3,2.7,2,25.9,0
14.4,10239,38.7,3.1,8,23.0,0
9.7,30461,6.3,3.2,1,76.2,0
2.9,24735,11.6,3.1,1,50.9,0
6.4,21922,1.1,1.6,9,56.4,0
6.5,15289,8.6,4.3,7,10.2,0
1.8,7464,16.7,3.3,9,59.8,1
7.9,33343,28.8,3.4,2,65.5,0
9.3,20715,6.0,3.9,1,98.0,0
8.5,13629,36.0,2.4,0,115.4,1
14.9,27165,3.5,1.7,0,72.9,0
14.3,24384,25.8,3.6,1,31.2,0
11.7,7732,38.3,3.1,7,65.3,0
13.3,23427,7.2,1.1,3,37.0,0
17.8,20556,3.4,3.1,5,54.2,1
17.3,6762,13.6,1.7,0,104.6,1
5.5,9756,39.2,3.2,4,25.8,1
2.2,16053,38.1,3.7,0,77.6,1
1.0,7916,11.9,1.4,2,55.4,1
7.8,33123,36.0,1.2,3,92.7,1
10.1,30654,20.2,4.8,4,16.7,0
8.4,21865,1.2,3.5,0,39.6,0
13.7,14071,30.5,3.6,2,43.5,1
2.1,26833,20.0,4.1,2,51.1,0
15.7,23613,38.1,4.8,8,59.7,1
9.6,33176,24.8,3.6,2,10.1,0
9.9,25590,10.0,3.7,5,102.7,0
16.9,15218,1.8,4.0,9,17.7,0
14.1,33213,5.6,3.2,4,106.6,0
10.3,32281,12.7,3.7,5,79.9,0
14.3,14946,9.8,4.9,5,33.2,0
6.9,28670,5.3,4.7,9,62.4,0
13.6,19538,22.2,3.8,7,93.9,0
15.9,27269,26.1,3.2,10,59.0,0
19.5,18333,33.1,2.4,2,102.3,1
19.7,10088,18.5,4.7,7,11.0,0
15.3,28300,36.9,2.4,1,99.8,1
16.3,13246,9.4,3.0,5,14.0,0
14.2,25858,8.4,1.8,10,53.6,0
11.6,22187,6.8,1.8,9,83.9,0
3.9,25272,5.1,1.3,4,112.7,1
17.7,29884,31.3,1.8,10,12.5,0
13.7,26134,10.1,3.2,7,10.2,0
13.6,27300,2.1,4.8,6,102.9,0
2.9,22983,18.7,2.4,0,107.2,1
5.9,19764,21.3,2.3,6,31.4,0
11.7,6831,39.6,1.9,6,115.4,1
4.3,16788,12.4,3.5,1,13.1,0
1.0,32123,25.1,2.3,4,37.2,0
19.2,33279,2.2,2.3,3,113.8,0
12.6,31037,3.8,2.8,1,19.4,0
1.2,16265,35.6,3.8,2,16.8,1
1.6,26012,25.0,1.3,10,16.1,0
17.1,19162,3.8,4.0,3,105.1,0
12.7,20857,15.4,4.2,9,78.1,0
18.8,31655,1.0,3.1,9,31.2,0
12.1,8213,23.7,4.4,9,23.9,0
7.4,21774,29.0,2.8,3,25.1,1
3.0,25153,17.4,4.8,5,44.2,0
15.6,10830,18.8,3.4,4,50.6,1
11.9,28226,5.8,1.9,8,104.5,0
4.3,12565,25.6,1.8,1,47.6,1
14.0,21315,24.0,2.3,9,72.3,0
6.3,16768,6.5,2.8,0,64.6,1
13.0,28715,9.2,3.5,3,62.9,0
16.4,32452,29.6,1.8,2,100.9,1
0.7,17727,1.2,1.5,4,58.4,1
18.3,17793,1.8,1.1,3,41.3,0
5.6,11710,13.6,3.2,2,31.6,1
5.6,9315,0.8,3.7,6,82.0,0
7.1,12889,12.2,2.0,5,82.7,1
19.6,26421,35.3,4.5,1,23.0,0
3.1,12214,7.7,2.5,5,45.0,1
12.9,7513,30.5,3.3,8,42.4,0
5.3,26626,31.8,4.5,8,116.5,0
4.6,8667,31.4,4.2,9,17.1,0
15.2,27137,30.0,2.5,8,61.1,0
7.8,28757,19.3,4.8,7,39.5,0
18.5,25135,26.0,1.8,3,59.7,0
4.8,19927,35.5,3.3,5,38.0,0
15.2,15668,17.8,2.4,9,14.5,0
7.1,20783,18.7,2.6,7,44.9,0
4.0,13660,10.6,1.3,1,42.4,1
11.2,8561,31.4,4.7,1,23.0,1
11.1,16936,7.9,2.3,4,92.0,0
17.0,12246,28.2,5.0,8,110.4,1
6.3,32945,13.9,5.0,6,100.4,0
0.7,27433,20.5,4.0,2,105.2,1
14.6,12877,19.0,3.1,8,93.3,0
9.5,31949,3.4,4.4,6,94.7,0
4.6,20744,34.1,1.1,2,73.5,1
18.9,6317,20.0,3.6,5,47.4,0
13.9,19217,30.5,3.8,4,45.9,1
15.8,10559,6.1,4.8,5,72.5,0
18.3,24804,34.7,4.9,3,114.4,0
8.0,21557,4.3,3.3,7,80.3,0
3.8,28114,22.1,1.1,9,63.7,0
1.9,18644,11.4,1.9,10,67.7,0
7.7,6361,6.9,4.4,6,53.0,0
3.0,19710,19.1,1.3,3,24.3,1
8.9,29254,26.6,1.6,9,113.3,0
10.3,28440,18.4,1.8,2,59.0,0
12.3,14088,21.0,4.6,7,60.6,0
14.9,15434,25.9,4.7,5,87.0,0
6.3,26087,32.9,4.4,6,37.4,0
14.8,21002,15.4,3.6,9,20.5,0
1.4,34525,6.3,4.5,8,42.1,0
14.1,29671,36.1,4.6,6,119.2,0
19.9,8507,30.2,3.0,5,55.1,1
4.5,7462,18.5,1.3,10,92.5,1
15.0,34041,7.8,1.2,4,22.6,0
6.9,30532,18.6,2.8,1,70.3,0
19.0,10595,18.8,2.1,2,28.8,1
2.5,15638,5.0,4.0,2,18.5,0
13.7,11029,17.6,1.7,0,108.2,1
9.1,7564,33.5,4.2,10,82.9,1
2.5,28621,12.3,1.2,0,15.4,0
4.4,14182,15.0,2.0,1,11.8,0
0.8,32887,7.7,3.7,3,115.5,0
16.8,27761,6.7,1.7,6,66.4,0
6.8,26538,7.6,1.8,8,53.5,0
5.0,9469,14.3,1.7,6,81.9,0
4.6,13212,2.6,4.3,10,78.6,1
17.8,19470,12.1,3.4,1,88.4,0
18.5,24651,6.9,4.8,9,45.7,0
8.1,31277,27.7,2.3,10,93.8,0
19.6,27835,19.3,2.3,9,110.3,0
10.5,30307,9.3,3.3,0,35.6,0
18.0,16120,9.5,2.7,3,78.2,0
7.8,15719,8.1,2.5,10,14.2,0
12.2,20540,29.6,2.3,4,44.9,0
1.3,31945,39.1,3.6,4,92.6,1
14.8,17230,9.7,3.2,10,118.7,0
14.1,13289,24.3,2.5,5,30.2,0
1.8,22110,2.8,1.8,10,119.1,0
2.9,11691,23.7,4.3,3,36.0,1
14.6,16206,6.6,1.8,6,29.4,0
6.1,20688,38.7,1.8,7,18.8,0
8.3,11497,18.8,2.7,9,90.8,0
16.5,32003,19.3,4.0,6,103.9,0
18.5,25502,21.5,3.2,2,38.3,0
9.3,18292,22.5,2.9,5,25.0,0
3.5,12213,0.2,4.4,5,64.1,0
18.8,30320,14.9,3.0,10,118.6,0
17.8,10078,15.4,3.3,3,93.9,1
15.5,30627,28.9,3.0,7,79.8,0
1.6,18626,37.1,3.9,3,62.5,1
7.5,29152,27.1,3.8,10,26.3,0
18.9,10828,10.2,3.4,10,102.6,1
15.5,27115,28.5,2.5,9,117.2,0
18.2,34704,16.9,4.3,4,86.1,0
10.9,18543,23.4,3.9,1,22.0,0
16.1,32680,5.7,4.0,6,86.9,1
3.8,22112,0.1,1.3,6,67.7,0
14.8,11591,7.1,1.7,2,31.8,0
19.0,20767,22.7,1.9,3,16.5,0
15.3,14498,39.3,4.5,7,79.0,0
17.4,11443,3.2,1.3,1,40.4,1
11.9,21659,19.4,4.0,0,16.7,0
0.6,25085,31.6,1.2,3,67.5,0
12.3,30948,10.6,2.9,5,76.5,0
13.8,17241,40.0,4.3,5,83.2,0
1.6,17666,34.9,4.2,0,60.3,1
14.6,10550,1.0,1.5,8,40.7,0
16.4,18072,18.1,3.7,7,66.6,0
0.6,26908,38.3,4.3,0,79.7,1
19.4,30111,13.0,2.8,9,63.3,0
16.0,17414,17.1,4.7,7,118.6,0
18.2,30060,15.4,3.4,2,105.7,0
15.8,29483,20.2,1.5,1,43.1,0
11.2,34664,18.7,4.6,1,63.0,0
5.2,11584,30.1,3.6,1,21.6,1
1.1,16698,36.1,4.1,3,89.1,1
19.1,27974,4.9,1.5,8,79.7,0
16.0,16905,34.9,4.7,9,17.1,0
18.2,30345,29.4,2.5,10,96.4,0
9.0,13646,8.9,1.5,1,22.3,1
12.0,12165,29.8,1.5,5,24.0,1
7.9,30147,0.1,1.2,8,30.9,0
8.8,31273,14.6,3.7,2,67.2,0
4.8,18953,0.4,4.4,5,25.9,0
16.8,22378,27.2,1.6,4,26.0,0
16.1,29034,1.4,2.3,8,118.9,0
19.9,29151,23.0,3.5,3,64.5,0
7.8,32548,13.3,4.3,3,103.3,0
4.9,30108,2.1,4.5,2,104.2,0
6.3,32706,26.4,4.4,0,70.3,0
13.7,17413,30.3,2.6,8,89.9,0
18.5,28973,34.3,2.6,2,45.6,0
17.4,7773,34.0,3.8,7,82.0,1
9.1,21808,11.6,1.6,3,98.5,1
13.2,17869,29.0,3.3,10,96.4,0
7.8,19995,27.2,1.7,0,20.6,1
4.0,7719,4.7,3.1,5,75.3,1
12.7,19238,9.8,1.5,6,63.7,0
19.1,27390,29.8,4.1,10,82.4,0
17.4,27309,15.3,3.5,7,50.4,0
2.1,22030,25.7,4.6,3,12.5,0
11.7,14969,27.7,1.4,9,29.9,0
13.1,20210,11.9,1.5,5,17.0,0
16.0,12058,16.2,3.8,6,71.2,0
16.3,22009,2.6,4.3,8,88.5,0
2.9,30673,8.3,3.6,1,29.9,0
4.0,24177,17.9,2.3,0,24.2,1
3.6,24431,10.3,4.0,1,117.8,1
7.6,23839,6.9,4.9,10,10.0,0
19.0,23021,36.2,2.2,8,58.9,0
14.1,23126,36.4,5.0,9,69.2,0
2.4,32862,1.8,1.1,2,43.0,0
19.2,25731,22.1,3.4,4,24.1,0
2.0,14354,10.4,3.6,2,54.0,1
5.5,19937,37.6,1.6,3,17.8,1
19.9,28832,25.8,3.9,9,82.3,0
12.3,19752,32.9,2.3,6,51.7,0
5.3,14851,5.0,1.4,8,54.7,0
2.2,16928,31.1,1.6,3,40.1,1
19.6,13281,15.1,1.4,1,29.3,0
6.5,32913,32.3,1.4,5,87.1,0
11.3,25905,4.0,1.2,5,114.1,0
7.2,30290,27.1,4.2,8,75.4,0
9.8,10180,10.4,3.7,2,82.3,1
11.6,14761,2.1,3.9,5,87.8,0
12.4,29159,18.3,2.8,5,97.8,0
5.9,20017,20.8,3.9,3,43.6,0
19.0,19320,30.8,4.4,10,18.7,0
18.9,11410,23.0,1.3,4,71.0,1
17.5,19893,27.1,4.7,2,62.8,0
20.0,23445,27.9,2.6,9,30.9,0
0.6,19925,28.1,4.0,3,119.4,1
18.4,34846,37.8,3.7,0,76.8,0
13.7,34899,30.5,4.6,2,18.3,0
10.5,7668,16.9,2.5,5,116.7,1
13.7,33254,21.6,4.1,1,41.9,0
5.7,6073,29.5,3.3,3,111.5,1
19.2,22892,33.0,1.1,7,108.2,0
1.6,6193,24.6,2.3,5,21.8,1
14.6,19174,14.2,1.4,7,31.7,0
18.0,19458,5.0,2.9,2,94.6,0
9.7,18265,12.0,2.7,2,69.0,1
19.8,27504,33.6,1.6,5,92.2,1
17.7,29239,7.9,1.8,0,24.7,0
7.0,7035,6.4,1.8,7,115.6,1
2.8,22025,22.0,4.2,2,45.7,0
17.7,22444,29.0,4.0,6,24.5,0
16.0,10132,6.2,3.0,10,36.0,0
7.2,25565,29.5,2.7,4,41.0,0
8.9,26237,6.1,3.0,3,40.9,0
5.6,28968,9.9,4.3,3,62.1,0
2.5,29935,20.1,1.7,9,79.2,0
2.8,19149,1.5,5.0,2,56.9,0
2.3,7669,15.2,3.1,10,117.8,1
8.8,8010,20.4,3.6,4,22.1,1
18.9,29317,16.7,2.3,0,30.0,1
13.4,16539,8.5,2.9,9,21.1,0
19.0,17913,13.4,1.4,10,11.5,0
17.3,16853,14.4,4.2,9,68.2,0
13.2,12882,23.4,1.3,1,24.4,1
2.8,25220,38.7,4.5,3,31.2,0
2.4,23910,24.8,2.2,7,118.9,1
14.6,7435,5.1,2.7,4,108.1,1
17.0,24361,39.0,4.6,7,79.3,0
9.0,21821,16.8,4.7,8,97.0,0
5.8,10224,11.6,4.8,0,97.4,1
14.9,19025,19.8,3.1,8,116.9,0
15.1,18587,22.5,2.6,9,39.9,0
3.6,13137,23.7,1.0,8,60.1,1
10.7,15942,34.1,2.2,4,70.7,1
1.4,13805,11.7,3.6,4,112.0,1
15.9,27050,39.2,5.0,3,68.8,1
7.3,25829,38.9,2.3,8,39.0,0
18.0,15663,13.0,1.2,0,100.6,1
19.3,11791,10.2,1.1,10,117.7,0
15.7,9487,28.9,3.8,10,38.3,0
12.3,12755,32.7,1.9,4,32.4,1
17.2,18958,6.2,1.9,6,50.6,0
2.3,11947,18.4,4.3,2,30.8,1
14.7,27219,11.3,2.2,2,99.9,0
4.2,10702,2.9,2.0,10,116.7,1
10.8,29814,30.0,1.0,1,51.6,0
16.6,31016,33.2,4.7,2,37.3,0
3.3,26558,24.0,4.2,0,115.3,1
14.9,17088,34.1,1.3,2,62.8,1
9.2,11345,12.3,2.9,3,16.1,0
12.7,10032,0.8,1.2,8,42.6,0
16.8,10647,0.0,1.9,3,57.0,0
13.3,13401,36.9,3.7,10,107.3,0
2.7,11556,39.6,1.9,4,49.3,1
2.8,8778,35.8,3.4,2,57.1,1
4.0,19934,6.0,3.7,4,78.7,0
17.6,14883,36.6,3.6,4,99.2,1
2.0,6071,34.5,4.9,10,26.1,0
9.2,32111,31.4,2.9,1,22.4,0
14.7,10740,3.6,5.0,2,94.4,0
10.1,21770,27.7,2.7,10,46.7,0
13.3,14057,15.3,3.2,8,68.7,0
16.5,18603,3.3,3.9,8,73.6,0
15.1,29038,3.5,2.4,3,119.3,1
11.4,10377,36.8,1.2,5,49.7,1
15.7,10566,11.8,1.6,8,116.9,1
5.2,33126,9.0,4.0,1,115.8,0
7.9,6863,27.8,2.7,0,87.2,1
1.9,33441,23.8,1.6,2,50.2,0
2.0,24650,33.2,2.7,2,61.7,1
10.8,15814,18.8,3.9,7,96.0,0
6.1,11108,2.4,3.6,9,92.6,0
0.7,33285,16.9,4.8,7,71.0,0
18.4,22445,12.2,1.9,2,39.9,0
7.9,10100,29.7,2.6,0,34.1,1
15.0,24326,24.2,1.3,7,62.5,0
8.4,18467,6.6,4.2,10,56.7,0
2.5,17885,24.1,4.4,0,36.3,1
2.6,12943,23.9,4.0,4,30.7,1
18.6,13875,10.8,4.9,9,14.9,0
9.9,7574,12.6,4.8,0,117.9,1
19.2,22391,7.8,4.0,5,117.1,0
2.4,19345,35.9,3.0,8,98.8,1
11.9,18521,19.1,4.5,0,41.9,0
9.5,26511,3.7,3.9,3,98.8,0
15.5,11277,39.7,3.0,9,81.7,1
7.2,31734,5.2,2.2,9,104.2,0
17.9,31368,27.3,2.0,9,76.8,0
11.6,22302,3.9,1.1,4,70.2,0
15.7,8856,20.0,2.8,2,112.7,1
6.0,17905,14.1,1.3,7,38.4,0
5.5,34726,17.7,4.7,1,116.9,0
7.6,15392,16.0,4.4,10,24.2,0
17.0,16277,14.9,3.7,8,59.5,0
19.8,7398,24.8,3.6,3,87.0,1
3.5,9450,11.6,1.6,6,103.9,1
17.5,27926,3.7,2.9,10,68.9,0
2.6,11907,29.3,4.7,6,94.5,1
6.9,16396,13.7,3.4,3,87.3,1
5.9,7254,21.8,4.8,2,80.4,1
1.1,25696,31.0,1.2,5,96.9,1
4.7,12930,34.7,4.8,10,56.5,0
3.9,10644,2.8,2.6,4,106.1,1
8.7,13015,26.8,2.0,0,20.2,1
7.2,30680,11.9,1.8,6,63.0,0
15.8,28829,17.5,4.7,9,52.8,1
15.8,25566,7.9,3.9,9,77.8,0
19.7,30063,29.7,3.9,5,11.6,0
18.7,22365,34.6,1.5,10,54.7,0
0.6,20763,37.7,4.4,10,59.4,0
2.4,13163,29.8,1.8,8,95.2,1
4.7,12873,38.1,4.9,9,115.1,1
7.6,15894,35.9,3.0,1,86.9,1
9.4,19447,14.1,4.3,6,67.5,0
2.7,11761,18.4,2.5,8,75.4,1
7.9,33691,26.4,3.7,10,41.2,0
18.5,34082,4.0,1.4,1,19.9,1
18.7,9397,19.9,4.0,8,21.0,0
11.8,7069,26.7,4.4,3,34.5,1
7.9,12408,34.3,4.8,5,116.4,1
8.6,32883,25.8,4.1,6,10.8,0
4.9,15293,10.7,3.6,4,102.2,1
8.6,13915,0.2,4.6,0,11.7,0
7.8,32761,20.8,4.0,5,46.9,0
19.9,13924,22.2,2.6,9,80.9,0
16.1,24935,17.2,4.8,6,117.5,0
18.1,22950,6.3,1.9,2,65.5,0
15.8,33624,30.5,4.7,8,27.5,0
2.3,6840,17.5,3.5,9,26.8,0
11.1,8581,22.9,1.1,2,118.2,1
15.7,12113,9.6,4.6,4,31.3,0
14.7,32446,31.4,4.1,10,15.7,0
3.3,6758,25.5,3.3,1,22.2,1
2.9,10647,11.3,4.6,1,18.5,1
18.3,12814,15.6,3.0,0,55.5,1
12.7,12890,27.5,2.5,5,79.7,1
3.6,15789,0.4,1.7,9,79.4,0
2.8,17233,39.7,2.9,9,76.0,0
10.7,14339,37.1,1.8,0,69.0,1
15.3,13087,34.7,1.5,3,13.2,1
2.1,28662,37.6,2.1,7,31.9,0
14.3,27362,11.8,4.0,7,58.0,0
18.5,14195,6.9,3.7,4,115.8,0
16.0,25253,12.5,4.2,7,57.7,0
12.1,14902,32.6,3.5,9,52.1,0
7.4,26732,32.8,2.8,0,115.4,1
8.5,25788,33.1,3.6,8,48.7,1
4.0,16573,17.2,1.7,3,18.0,1
7.8,31543,12.6,1.0,0,88.8,1
11.6,16536,35.9,3.2,6,41.2,0
4.7,24381,11.1,3.4,10,18.2,0
8.7,30779,17.4,4.3,3,31.7,0
10.2,14992,16.8,1.5,2,76.2,1
5.1,6696,11.4,3.6,9,118.7,1
